{"id":"appsec-106","displayName":"CyPerf HTTPS","lastModified":1644225785,"lastAccessed":1644225412,"tags":{"Application":"CyPerf","category":"CyPerf"},"type":"appsec","ownerId":"6c16c109-8683-48cb-a657-ea5f97854def","owner":"admin@example.org","readonly":false,"configUrl":"http://appsec-resource-service.keysight-wap.svc.cluster.local./api/v2/resources/configs/appsec-106","configData":null,"application":"","encodedFiles":true,"linkedResources":[{"rel":"child","type":"child","method":"GET","name":"Secured_RSAdes3_cert_2048.pem","href":"http://appsec-resource-service.keysight-wap.svc.cluster.local./api/v2/resources/tls-certificates/Secured_RSAdes3_cert_2048.pem/contentFile","contentType":"multipart/form-data"},{"rel":"child","type":"child","method":"GET","name":"Secured_RSAdes3_key_2048.pem","href":"http://appsec-resource-service.keysight-wap.svc.cluster.local./api/v2/resources/tls-keys/Secured_RSAdes3_key_2048.pem/contentFile","contentType":"multipart/form-data"},{"rel":"child","type":"child","method":"POST","name":"Secured_RSAdes3_key_2048.pem","href":"http://appsec-resource-service.keysight-wap.svc.cluster.local./api/v2/resources/tls-keys","contentType":"multipart/form-data; boundary=4655931bc2a5dcc6703cd43469f1bbbd2835e7e94955984eae4717a99e7a"},{"rel":"child","type":"child","method":"POST","name":"Secured_RSAdes3_cert_2048.pem","href":"http://appsec-resource-service.keysight-wap.svc.cluster.local./api/v2/resources/tls-certificates","contentType":"multipart/form-data; boundary=546ac7d34f5fa64e4a782537c87095d96eaa42a5fc2310e8994bda4a2b94"},{"rel":"child","type":"child","method":"GET","name":"configUrl","href":"http://appsec-resource-service.keysight-wap.svc.cluster.local./api/v2/resources/configs/appsec-106","contentType":"application/json"}]}