{"id":"appsec-106","displayName":"CyPerf HTTPS","lastModified":1645654143,"lastAccessed":1645654133,"tags":{"Application":"CyPerf","category":"CyPerf"},"type":"appsec","ownerId":"6c16c109-8683-48cb-a657-ea5f97854def","owner":"admin@example.org","readonly":false,"configUrl":"http://appsec-resource-service.keysight-wap.svc.cluster.local./api/v2/resources/configs/appsec-106","configData":null,"application":"","encodedFiles":true,"linkedResources":[{"rel":"child","type":"child","method":"GET","name":"Secured_RSAdes3_cert_2048.pem","href":"http://appsec-resource-service.keysight-wap.svc.cluster.local./api/v2/resources/tls-certificates/Secured_RSAdes3_cert_2048.pem/contentFile","contentType":"multipart/form-data"},{"rel":"child","type":"child","method":"GET","name":"Secured_RSAdes3_key_2048.pem","href":"http://appsec-resource-service.keysight-wap.svc.cluster.local./api/v2/resources/tls-keys/Secured_RSAdes3_key_2048.pem/contentFile","contentType":"multipart/form-data"},{"rel":"child","type":"child","method":"POST","name":"Secured_RSAdes3_key_2048.pem","href":"http://appsec-resource-service.keysight-wap.svc.cluster.local./api/v2/resources/tls-keys","contentType":"multipart/form-data; boundary=c0085dae58b875873439c1a5ce342bb9b96f56a7b57ec98be296b0f01433"},{"rel":"child","type":"child","method":"POST","name":"Secured_RSAdes3_cert_2048.pem","href":"http://appsec-resource-service.keysight-wap.svc.cluster.local./api/v2/resources/tls-certificates","contentType":"multipart/form-data; boundary=21a71d876221a791cf7540905602dac81320529ff4bd071dbd137004a28d"},{"rel":"child","type":"child","method":"GET","name":"configUrl","href":"http://appsec-resource-service.keysight-wap.svc.cluster.local./api/v2/resources/configs/appsec-106","contentType":"application/json"}]}