{"id":"appsec-112","displayName":"Enterprise AppMix and Attacks","lastModified":1645658985,"lastAccessed":1645658957,"tags":{"Application":"CyPerf","category":"CyPerf"},"type":"appsec","ownerId":"6c16c109-8683-48cb-a657-ea5f97854def","owner":"admin@example.org","readonly":false,"configUrl":"http://appsec-resource-service.keysight-wap.svc.cluster.local./api/v2/resources/configs/appsec-112","configData":null,"application":"","encodedFiles":true,"linkedResources":[{"rel":"child","type":"child","method":"GET","name":"Secured_RSAdes3_cert_2048.pem","href":"http://appsec-resource-service.keysight-wap.svc.cluster.local./api/v2/resources/tls-certificates/Secured_RSAdes3_cert_2048.pem/contentFile","contentType":"multipart/form-data"},{"rel":"child","type":"child","method":"GET","name":"Secured_RSAdes3_key_2048.pem","href":"http://appsec-resource-service.keysight-wap.svc.cluster.local./api/v2/resources/tls-keys/Secured_RSAdes3_key_2048.pem/contentFile","contentType":"multipart/form-data"},{"rel":"child","type":"child","method":"POST","name":"Secured_RSAdes3_key_2048.pem","href":"http://appsec-resource-service.keysight-wap.svc.cluster.local./api/v2/resources/tls-keys","contentType":"multipart/form-data; boundary=8e88a2eda4e921c478c5376dedffd45964976d24445896e8092e48ec6724"},{"rel":"child","type":"child","method":"POST","name":"Secured_RSAdes3_cert_2048.pem","href":"http://appsec-resource-service.keysight-wap.svc.cluster.local./api/v2/resources/tls-certificates","contentType":"multipart/form-data; boundary=b8c442e1459727650cf9d4ae6370a34f55f8edb2919b36d447d94aed5e24"},{"rel":"child","type":"child","method":"GET","name":"configUrl","href":"http://appsec-resource-service.keysight-wap.svc.cluster.local./api/v2/resources/configs/appsec-112","contentType":"application/json"}]}