{"id":"appsec-121","displayName":"Enterprise AppMix and Attacks","lastModified":1644353280,"lastAccessed":1644353245,"tags":{"Application":"CyPerf","category":"CyPerf"},"type":"appsec","ownerId":"6c16c109-8683-48cb-a657-ea5f97854def","owner":"admin@example.org","readonly":false,"configUrl":"http://appsec-resource-service.keysight-wap.svc.cluster.local./api/v2/resources/configs/appsec-121","configData":null,"application":"","encodedFiles":true,"linkedResources":[{"rel":"child","type":"child","method":"GET","name":"Secured_RSAdes3_cert_2048.pem","href":"http://appsec-resource-service.keysight-wap.svc.cluster.local./api/v2/resources/tls-certificates/Secured_RSAdes3_cert_2048.pem/contentFile","contentType":"multipart/form-data"},{"rel":"child","type":"child","method":"GET","name":"Secured_RSAdes3_key_2048.pem","href":"http://appsec-resource-service.keysight-wap.svc.cluster.local./api/v2/resources/tls-keys/Secured_RSAdes3_key_2048.pem/contentFile","contentType":"multipart/form-data"},{"rel":"child","type":"child","method":"POST","name":"Secured_RSAdes3_key_2048.pem","href":"http://appsec-resource-service.keysight-wap.svc.cluster.local./api/v2/resources/tls-keys","contentType":"multipart/form-data; boundary=ee29d150443b98ff679df16e606218af06cb19be803b31e1601b840930ab"},{"rel":"child","type":"child","method":"POST","name":"Secured_RSAdes3_cert_2048.pem","href":"http://appsec-resource-service.keysight-wap.svc.cluster.local./api/v2/resources/tls-certificates","contentType":"multipart/form-data; boundary=95fbb2e3ae35085c7dcff73bedb5399019c16b9569fb69bf1f71e9b2c8fc"},{"rel":"child","type":"child","method":"GET","name":"configUrl","href":"http://appsec-resource-service.keysight-wap.svc.cluster.local./api/v2/resources/configs/appsec-121","contentType":"application/json"}]}