{"id":"appsec-110","displayName":"Enterprise AppMix","lastModified":1645656692,"lastAccessed":1645656671,"tags":{"Application":"CyPerf","category":"CyPerf"},"type":"appsec","ownerId":"6c16c109-8683-48cb-a657-ea5f97854def","owner":"admin@example.org","readonly":false,"configUrl":"http://appsec-resource-service.keysight-wap.svc.cluster.local./api/v2/resources/configs/appsec-110","configData":null,"application":"","encodedFiles":true,"linkedResources":[{"rel":"child","type":"child","method":"GET","name":"Secured_RSAdes3_cert_2048.pem","href":"http://appsec-resource-service.keysight-wap.svc.cluster.local./api/v2/resources/tls-certificates/Secured_RSAdes3_cert_2048.pem/contentFile","contentType":"multipart/form-data"},{"rel":"child","type":"child","method":"GET","name":"Secured_RSAdes3_key_2048.pem","href":"http://appsec-resource-service.keysight-wap.svc.cluster.local./api/v2/resources/tls-keys/Secured_RSAdes3_key_2048.pem/contentFile","contentType":"multipart/form-data"},{"rel":"child","type":"child","method":"POST","name":"Secured_RSAdes3_key_2048.pem","href":"http://appsec-resource-service.keysight-wap.svc.cluster.local./api/v2/resources/tls-keys","contentType":"multipart/form-data; boundary=aab5cfc887181c5c08b913c92d90b2e9a5258702249a65f07be869e66d0c"},{"rel":"child","type":"child","method":"POST","name":"Secured_RSAdes3_cert_2048.pem","href":"http://appsec-resource-service.keysight-wap.svc.cluster.local./api/v2/resources/tls-certificates","contentType":"multipart/form-data; boundary=51829417a7a70c6a73538f8f81e468e55e5f826f389b2edd1dbafc1729ce"},{"rel":"child","type":"child","method":"GET","name":"configUrl","href":"http://appsec-resource-service.keysight-wap.svc.cluster.local./api/v2/resources/configs/appsec-110","contentType":"application/json"}]}